id,seq,n,rsa,asa,q3,p[q3_H],p[q3_E],p[q3_C],q8,p[q8_G],p[q8_H],p[q8_I],p[q8_B],p[q8_E],p[q8_S],p[q8_T],p[q8_C],phi,psi,disorder
NP_001138576.1,M,1,0.9033666849136353,180.7636736512184,C,9.427985787624493e-06,1.2606818700078293e-06,0.9999892711639404,C,6.936248837519088e-07,1.772465111571364e-06,4.504247252956617e-10,9.536652214592323e-07,2.910267937750177e-07,8.524806617060676e-06,2.027024675044231e-05,0.9999675750732422,-85.18804931640625,144.21995544433594,0.9979397654533386
NP_001138576.1,N,2,0.8832312226295471,129.3050509929657,C,7.112867024261504e-05,4.742725286632776e-05,0.999881386756897,C,9.014586794364732e-06,1.736773810989689e-05,1.1020790502414002e-08,1.703746966086328e-05,1.5105347301869188e-05,0.00010754331742646173,0.0001235825038747862,0.9997103810310364,-95.7076644897461,136.463134765625,0.9943166375160217
NP_001138576.1,H,3,0.8031688928604126,146.09642161130907,C,0.00019635958597064018,0.00011017244105460122,0.9996935129165649,C,2.6786925445776433e-05,5.60472508368548e-05,3.7024324939238795e-08,4.0430699300486594e-05,3.9476271922467276e-05,0.00038286499329842627,0.00032017024932429194,0.9991342425346375,-94.76445007324219,119.70545959472656,0.9959381818771362
NP_001138576.1,S,4,0.7630574703216553,89.430335521698,C,0.0004369943926576525,0.0003343667194712907,0.9992285966873169,C,0.00010063293302664533,0.00013536606275010854,3.203610106083943e-07,0.00015422652359120548,0.00014197881682775915,0.0007986141135916114,0.0009282985702157021,0.9977405071258545,-87.841796875,145.808837890625,0.99162757396698
NP_001138576.1,M,5,0.6784447431564331,135.75679310560227,C,0.000595594581682235,0.000682676094584167,0.9987216591835022,C,0.00020466776913963258,0.0001902520889416337,9.174659112431982e-07,0.0003242701350245625,0.00033897781395353377,0.0018134600250050426,0.0019899059552699327,0.995137631893158,-91.15165710449219,114.81804656982422,0.989525318145752
NP_001138576.1,D,6,0.7644516229629517,110.15747886896133,C,0.000813622958958149,0.0011337196920067072,0.998052716255188,C,0.00016773703100625426,0.0002694328723009676,6.300597306108102e-07,0.00035239537828601897,0.0005641604075208306,0.0015275763580575585,0.001554912538267672,0.9955631494522095,-90.82169342041016,113.17908477783203,0.9810280203819275
NP_001138576.1,A,7,0.709335207939148,78.1687399148941,C,0.0006930066156201065,0.00021328860020730644,0.999093770980835,C,0.0002217057772213593,0.00022756743419449776,6.013471534060955e-07,0.00010533730528550223,0.00012652442092075944,0.002129337750375271,0.004735863767564297,0.9924530386924744,-79.5702133178711,12.241206169128418,0.9885220527648926
NP_001138576.1,G,8,0.7482070326805115,58.883893471956256,C,0.00044952338794246316,0.0001297808048548177,0.9994207620620728,C,0.0002172745589632541,0.00013194767234381288,1.4940452501832624e-06,0.00011220595479244366,7.746423943899572e-05,0.00586114265024662,0.005454970058053732,0.9881435036659241,27.879379272460938,4.987578868865967,0.9863031506538391
NP_001138576.1,S,9,0.6512340307235718,76.32462840080261,C,7.415647996822372e-05,0.0004125973500777036,0.9995132684707642,C,2.856174251064658e-05,2.5064151486731134e-05,6.810176955696079e-08,0.00028809416107833385,0.00016426134970970452,0.005521831568330526,0.00022623986296821386,0.9937458038330078,-92.18920135498047,132.10574340820312,0.9851312041282654
NP_001138576.1,P,10,0.7249985933303833,102.8773003935814,C,0.001050458988174796,0.0007659862167201936,0.99818354845047,C,0.00047838568571023643,0.0003091911203227937,9.788413990463596e-07,0.000252849975368008,0.0004602933768182993,0.003997231833636761,0.006898859050124884,0.987602174282074,-69.38324737548828,137.14093017578125,0.9730973243713379
NP_001138576.1,N,11,0.7857462167739868,115.03324613571168,C,0.0009854021482169628,0.0028677480295300484,0.9961467981338501,C,0.0006511593237519264,0.00024981575552374125,1.2603210279849009e-06,0.0011802786029875278,0.0016070527490228415,0.008690852671861649,0.007308655884116888,0.9803109169006348,-91.70897674560547,110.05010986328125,0.9699571132659912
NP_001138576.1,L,12,0.6160222887992859,112.79368107914924,C,0.001324810553342104,0.0065329717472195625,0.9921422004699707,C,0.0007288114284165204,0.0004551005258690566,4.6476970965159126e-06,0.0035225695464760065,0.0036787460558116436,0.014866944402456284,0.005789409391582012,0.9709538221359253,-91.51844787597656,126.2246322631836,0.9598883390426636
NP_001138576.1,S,13,0.635083019733429,74.43172991275787,C,0.00011910255125258118,0.0034939032047986984,0.9963870048522949,C,7.299407297978178e-05,3.4257638617418706e-05,2.6463717972546874e-07,0.0016732885269448161,0.0019916153978556395,0.01796194538474083,0.0010198733070865273,0.9772458672523499,-98.03269958496094,132.09657287597656,0.9581350088119507
NP_001138576.1,P,14,0.5906012058258057,83.80631110668183,C,0.0005043020937591791,0.003040330484509468,0.9964554309844971,C,0.00029667129274457693,0.0001964141702046618,1.7594080645721988e-06,0.001095587038435042,0.002484746975824237,0.04017169401049614,0.0087346900254488,0.9470184445381165,-67.62457275390625,148.48797607421875,0.9209356904029846
NP_001138576.1,N,15,0.6100350618362427,89.30913305282593,C,0.0006250693113543093,0.0036280127242207527,0.995746910572052,C,0.00037541138590313494,0.0001623389543965459,1.522475713500171e-06,0.0019790988881140947,0.0018733434844762087,0.02437051758170128,0.0026520828250795603,0.968585729598999,-92.29267120361328,125.88036346435547,0.926206648349762
NP_001138576.1,P,16,0.6482702493667603,91.98954838514328,C,0.0015529126394540071,0.007261261809617281,0.9911858439445496,C,0.0008644036133773625,0.0005007263971492648,7.45470606489107e-06,0.001820121775381267,0.005391469690948725,0.024140475317835808,0.014348776079714298,0.9529265761375427,-68.3421630859375,140.20362854003906,0.850172758102417
NP_001138576.1,M,17,0.4992859661579132,99.90712182819843,C,0.0011601006845012307,0.00944597739726305,0.9893938899040222,C,0.0006265625124797225,0.0003504376800265163,5.55887390873977e-06,0.0052531627006828785,0.005271442700177431,0.026460902765393257,0.005461083725094795,0.9565708637237549,-87.16874694824219,135.64183044433594,0.8929451704025269
NP_001138576.1,S,18,0.4492076337337494,52.64713467359543,C,0.0006071661482565105,0.0057122246362268925,0.9936805963516235,C,0.0002916788507718593,0.00026197588886134326,9.98599944068701e-07,0.0017890019807964563,0.0030302307568490505,0.017804807052016258,0.001366627519018948,0.975454568862915,-90.88800811767578,139.85887145996094,0.886097252368927
NP_001138576.1,P,19,0.6160225868225098,87.41360507011414,C,0.10086898505687714,0.005967583041638136,0.8931634426116943,C,0.052066344767808914,0.03824232518672943,6.645753455813974e-05,0.0012963226763531566,0.005136782769113779,0.024255717173218727,0.08750750869512558,0.7914285659790039,-63.33905029296875,-18.027610778808594,0.8090456128120422
NP_001138576.1,A,20,0.5838059186935425,64.33541224002839,C,0.1627606600522995,0.006298304069787264,0.8309410214424133,C,0.12006325274705887,0.05465884879231453,0.00015199360495898873,0.002028644783422351,0.005358036141842604,0.0349356047809124,0.0958501398563385,0.6869535446166992,-71.87632751464844,-18.620847702026367,0.8024203181266785
NP_001138576.1,H,21,0.5740541219711304,104.42044478654861,C,0.17038482427597046,0.012059583328664303,0.8175556063652039,C,0.11792530864477158,0.0513569712638855,0.0002836108033079654,0.0034853084944188595,0.00885945837944746,0.04741933196783066,0.07177738845348358,0.6988925933837891,-88.05083465576172,14.219047546386719,0.7638413310050964
NP_001138576.1,N,22,0.609142005443573,89.17838959693908,C,0.12228568643331528,0.008481997065246105,0.8692322969436646,C,0.06470271944999695,0.040633589029312134,0.0003029726503882557,0.00257844477891922,0.0055957334116101265,0.05630343407392502,0.07736827433109283,0.7525148391723633,-87.80421447753906,32.48738098144531,0.6836795210838318
NP_001138576.1,N,23,0.7986775636672974,116.92639532089234,C,0.044380784034729004,0.009849490597844124,0.9457697868347168,C,0.03010002337396145,0.011469504795968533,0.00013424537610262632,0.0017234940314665437,0.007644918281584978,0.053451310843229294,0.06876163929700851,0.8267148733139038,-89.57546997070312,53.81414031982422,0.5179263353347778
NP_001138576.1,L,24,0.5045551061630249,92.38403993844986,C,0.030718624591827393,0.027308659628033638,0.9419727325439453,C,0.021025963127613068,0.011147942394018173,0.00019971697474829853,0.004881204571574926,0.024196449667215347,0.07607970386743546,0.07006239145994186,0.7924066185951233,-89.75560760498047,103.58497619628906,0.37655261158943176
NP_001138576.1,D,25,0.7730193138122559,111.39208312034606,C,0.029324697330594063,0.05162254720926285,0.9190527200698853,C,0.021807394921779633,0.006469995714724064,0.00011664866178762168,0.004184692166745663,0.05951983109116554,0.05870461091399193,0.09357725083827972,0.7556196451187134,-89.45301818847656,75.89337921142578,0.16530810296535492
NP_001138576.1,L,26,0.3412565588951111,62.48407593369484,C,0.005454430356621742,0.15384656190872192,0.8406990170478821,C,0.00351033266633749,0.0017096627270802855,2.9711565730394796e-05,0.009332043118774891,0.14495408535003662,0.03826115280389786,0.013553797267377377,0.7886492609977722,-95.49605560302734,130.68276977539062,0.07756062597036362
NP_001138576.1,Q,27,0.6528946757316589,116.60698908567429,E,0.0011548118200153112,0.5403904318809509,0.45845478773117065,E,0.0011730407131835818,0.0002337212354177609,1.7978878759095096e-06,0.014196386560797691,0.5647597908973694,0.043086618185043335,0.00279022054746747,0.3737584352493286,-116.70427703857422,134.04876708984375,0.036644913256168365
NP_001138576.1,P,28,0.5885441303253174,83.51441209316253,E,0.0014335493324324489,0.5073071718215942,0.49125927686691284,C,0.0006118880701251328,0.00042945166933350265,2.194282387790736e-06,0.03149765357375145,0.44363999366760254,0.01424469705671072,0.007022624369710684,0.5025515556335449,-66.26667022705078,141.75372314453125,0.053161293268203735
NP_001138576.1,V,29,0.2972060441970825,45.68056899309158,C,0.006825430318713188,0.18539948761463165,0.80777508020401,C,0.004265876486897469,0.0012029703939333558,6.739610398653895e-06,0.011849295347929,0.15552948415279388,0.028532758355140686,0.007333164568990469,0.7912797331809998,-99.14917755126953,135.92848205566406,0.053901929408311844
NP_001138576.1,T,30,0.73148512840271,101.45698730945587,C,0.013579805381596088,0.1817243993282318,0.8046958446502686,C,0.009507597424089909,0.0019963779486715794,2.0334633518359624e-05,0.009991309605538845,0.15900251269340515,0.07041510194540024,0.02281329035758972,0.7262534499168396,-102.47766876220703,129.8264923095703,0.04786945506930351
NP_001138576.1,Y,31,0.45896637439727783,98.08111420869827,C,0.010632418096065521,0.22982357442378998,0.7595440745353699,C,0.007315743714570999,0.001517199445515871,5.005425919080153e-05,0.02741454355418682,0.1847051978111267,0.11310461908578873,0.026388246566057205,0.6395044922828674,-115.97943115234375,140.89674377441406,0.05623161420226097
NP_001138576.1,C,32,0.5473120212554932,76.84260778427124,C,0.006333003286272287,0.14224408566951752,0.8514229655265808,C,0.0045852577313780785,0.0015265581896528602,4.9439709982834756e-05,0.021538764238357544,0.12544944882392883,0.1994926482439041,0.03291281685233116,0.614445149898529,-103.82939147949219,122.54708099365234,0.062072381377220154
NP_001138576.1,E,33,0.5676184296607971,99.16293966174125,C,0.003386126132681966,0.05764085799455643,0.9389729499816895,C,0.003484377870336175,0.0012032068334519863,1.994249760173261e-05,0.005743592511862516,0.05878604203462601,0.2876281440258026,0.04094749316573143,0.6021872162818909,-99.54864501953125,127.38089752197266,0.04610602557659149
NP_001138576.1,P,34,0.49980196356773376,70.92189863026142,C,0.09749382734298706,0.02929358184337616,0.8732126355171204,C,0.07982726395130157,0.02313973754644394,0.00010740845027612522,0.0037367213517427444,0.031193478032946587,0.13720037043094635,0.16520969569683075,0.5595853328704834,-68.71050262451172,122.89318084716797,0.03567444160580635
NP_001138576.1,A,35,0.5730922818183899,63.15476945638657,C,0.10806474089622498,0.031661223620176315,0.860274076461792,S,0.12848526239395142,0.011652069166302681,8.529228216502815e-05,0.0033210678957402706,0.023137833923101425,0.3521771728992462,0.26004502177238464,0.22109626233577728,-77.46426391601562,-7.430689334869385,0.018766336143016815
NP_001138576.1,F,36,0.3134186863899231,62.90313035845756,C,0.09303179383277893,0.17006923258304596,0.7368989586830139,C,0.10033289343118668,0.01686514914035797,0.00020164491434115916,0.024195106700062752,0.13713732361793518,0.195966899394989,0.14097343385219574,0.3843274712562561,-102.66731262207031,102.17491149902344,0.010410844348371029
NP_001138576.1,W,37,0.19334536790847778,46.49956098198891,C,0.021868130192160606,0.41630080342292786,0.561830997467041,E,0.016187161207199097,0.008099008351564407,0.00020923289412166923,0.0318777933716774,0.38043543696403503,0.16247253119945526,0.07950442284345627,0.3212144374847412,-99.46522521972656,130.18223571777344,0.003483579494059086
NP_001138576.1,C,38,0.018869489431381226,2.649276316165924,E,0.002458300907164812,0.9105830788612366,0.08695859462022781,E,0.001092142309062183,0.0007253928924910724,3.60941135113535e-06,0.003155321814119816,0.9147361516952515,0.010533318854868412,0.0036554548423737288,0.06609847396612167,-133.36033630371094,153.11277770996094,0.0007088953861966729
NP_001138576.1,S,39,0.13500329852104187,15.822386586666108,E,0.00044530778541229665,0.9866616129875183,0.01289308536797762,E,0.00010643330460879952,8.421783422818407e-05,2.285133632540237e-06,0.0003735337231773883,0.9869529008865356,0.0011494385544210672,0.00017907250730786473,0.011152109131217003,-127.42100524902344,141.5350341796875,0.0002582379966042936
NP_001138576.1,I,40,0.021068960428237915,3.8977576792240143,E,0.000848303665407002,0.9945753812789917,0.004576222505420446,E,0.00013050241977907717,0.00047353794798254967,4.413344868225977e-06,0.0003429391363169998,0.9946373105049133,0.0002865452552214265,0.00017929663590621203,0.003945449832826853,-116.58734130859375,131.21360778808594,0.00017290162213612348
NP_001138576.1,S,41,0.06959789991378784,8.156873869895936,E,0.0019089167471975088,0.9953280687332153,0.002763079944998026,E,0.00011957252718275413,0.0012732745381072164,2.1636500605382025e-05,7.846447988413274e-05,0.9958602786064148,0.00020829073037020862,0.0002070033660857007,0.002231494290754199,-121.31131744384766,140.0787811279297,7.505821849917993e-05
NP_001138576.1,Y,42,0.05383989214897156,11.505584952235221,E,0.0007366649806499481,0.9979960918426514,0.0012672399170696735,E,4.951054143020883e-05,0.00034289274481125176,4.88862679048907e-06,3.812754948739894e-05,0.9983832836151123,0.00015881525177974254,9.443401359021664e-05,0.0009280492085963488,-122.05928039550781,138.74493408203125,3.3485735912108794e-05
NP_001138576.1,Y,43,0.11789625883102417,25.194430512189864,E,0.0025542574003338814,0.9918668866157532,0.005578899756073952,E,0.0003212951705791056,0.0011793836019933224,7.065966201480478e-05,0.00032410278799943626,0.993280827999115,0.0006494743283838034,0.0009883563034236431,0.003185974434018135,-115.23358154296875,138.98036193847656,0.00018026557518169284
NP_001138576.1,E,44,0.11047348380088806,19.299717620015144,E,0.0013735615648329258,0.9625164270401001,0.03610997274518013,E,0.0010131931630894542,0.0007207595626823604,2.533461338316556e-05,0.00257371854968369,0.9684827327728271,0.0029809195548295975,0.010689529590308666,0.013513792306184769,-113.8277587890625,121.33145141601562,0.0002116826071869582
NP_001138576.1,L,45,0.28910940885543823,52.93593276143074,C,0.006275830790400505,0.05697719380259514,0.9367468953132629,T,0.0042662047781050205,0.0020061663817614317,4.199920658720657e-05,0.001271815737709403,0.025469006970524788,0.049681562930345535,0.8812572956085205,0.03600588068366051,-9.416202545166016,46.72883987426758,0.0005801240913569927
NP_001138576.1,N,46,0.5559687614440918,81.39382667541504,C,0.0022735553793609142,0.07583768665790558,0.9218887686729431,T,0.0019300037529319525,0.00047905780957080424,9.571904229233041e-06,0.00044386147055774927,0.051794253289699554,0.2579360008239746,0.6214658617973328,0.0659414529800415,70.90869903564453,22.226198196411133,0.0007845848449505866
NP_001138576.1,Q,47,0.553322970867157,98.82348259687423,E,0.0006466596969403327,0.8406233191490173,0.15873000025749207,E,0.0005639989976771176,8.491233893437311e-05,1.231525175171555e-06,0.011130806989967823,0.8344790935516357,0.04836350306868553,0.003210752736777067,0.10216566175222397,-123.18706512451172,139.3148193359375,0.0010151786264032125
NP_001138576.1,R,48,0.44095519185066223,100.97873893380165,E,0.0002292685821885243,0.9251706004142761,0.07460011541843414,E,0.00013126643898431212,6.121000478742644e-05,1.4464916375800385e-06,0.03411196917295456,0.88030606508255,0.0063077365048229694,0.002211477141827345,0.07686891406774521,-84.15204620361328,132.87506103515625,0.0016288271872326732
NP_001138576.1,V,49,0.21320372819900513,32.76941302418709,E,0.00018408293544780463,0.7435936331748962,0.2562221884727478,E,0.0001983304973691702,5.5500790040241554e-05,2.014449137277552e-06,0.008928746916353703,0.7571004629135132,0.10970903933048248,0.027485158294439316,0.09652086347341537,-106.50597381591797,-13.45199203491211,0.0006339478422887623
NP_001138576.1,G,50,0.20827168226242065,16.390981394052506,E,0.0003328580060042441,0.8320768475532532,0.16759027540683746,E,0.00031023219344206154,4.756847920361906e-05,5.730804559789249e-07,0.002796688349917531,0.8427048921585083,0.09898409992456436,0.008714133873581886,0.046441804617643356,141.53225708007812,-173.244140625,0.0006068464717827737
NP_001138576.1,E,51,0.616209089756012,107.65172798037528,E,0.00036665942752733827,0.810886800289154,0.18874649703502655,E,9.209638665197417e-05,5.3728876082459465e-05,1.2861491995863616e-06,0.0009158850880339742,0.8472334742546082,0.020940126851201057,0.0011704666540026665,0.12959280610084534,-113.28709411621094,144.60679626464844,0.0004385496722534299
NP_001138576.1,T,52,0.364380806684494,50.539617887139315,E,0.0012355400249361992,0.8221423029899597,0.17662212252616882,E,0.0003348257450852543,0.0003692174213938415,4.893052846455248e-06,0.005139883607625961,0.8213424682617188,0.008976969867944717,0.004001640249043703,0.15983007848262787,-101.6186752319336,140.74624633789062,0.0005554566741921008
NP_001138576.1,F,53,0.17839789390563965,35.80445730686188,E,0.00016585682169534266,0.9898542761802673,0.009979807771742344,E,5.813031020807102e-05,3.0409910323214717e-05,1.2081347904313589e-06,0.001951393554918468,0.9890525937080383,0.0007024409715086222,0.0002363111125305295,0.007967431098222733,-131.82382202148438,145.4434051513672,0.0010483424412086606
NP_001138576.1,H,54,0.593233048915863,107.9090915977955,E,0.00016022881027311087,0.9631160497665405,0.03672369569540024,E,7.439437467837706e-05,2.711936213017907e-05,1.6401244806729665e-07,0.003966744523495436,0.9571888446807861,0.001296528964303434,0.0003758839739020914,0.037070244550704956,-88.11786651611328,129.7939453125,0.00034473484265618026
NP_001138576.1,A,55,0.03178572654724121,3.5027870655059816,C,0.001348614227026701,0.3092692792415619,0.6893821358680725,C,0.0008221405441872776,0.00023033030447550118,2.6906416223937413e-06,0.02047855593264103,0.2959141135215759,0.013489262200891972,0.013528607785701752,0.6555342674255371,-105.29359436035156,142.5291290283203,0.0003652005398180336
NP_001138576.1,S,56,0.6310241222381592,73.95602712631226,C,0.001104100956581533,0.0697873905301094,0.9291085600852966,S,0.0005756712052971125,0.00020478676015045494,6.771410426154034e-06,0.003577143419533968,0.06412151455879211,0.5318387150764465,0.02718234807252884,0.37249311804771423,-98.04524993896484,-15.457822799682617,0.0011023617116734385
NP_001138576.1,Q,57,0.5051501989364624,90.21982553005218,C,0.0006724857375957072,0.025017134845256805,0.9743103981018066,S,0.00010029387340182438,4.539850488072261e-05,1.9707031242433004e-06,0.0015784973511472344,0.005627172999083996,0.9216975569725037,0.005738941486924887,0.06521019339561462,-131.08877563476562,144.7076416015625,0.001441505504772067
NP_001138576.1,P,58,0.45169776678085327,64.09591310620308,C,0.0006990965339355171,0.02580166794359684,0.9734992384910583,C,0.00041014328598976135,0.00021169162937439978,2.3056154532241635e-06,0.0009859668789431453,0.030269643291831017,0.39732739329338074,0.05816087871789932,0.5126320123672485,-69.1953353881836,114.04344940185547,0.0012326381402090192
NP_001138576.1,S,59,0.216607004404068,25.38634091615677,E,0.0004989674780517817,0.8617591857910156,0.13774186372756958,E,0.0001709547359496355,0.00011086544691352174,2.0597981347236782e-06,0.009544283151626587,0.8524451851844788,0.023728927597403526,0.00321123655885458,0.11078644543886185,-134.34193420410156,156.04908752441406,0.0006936980062164366
NP_001138576.1,M,60,0.04547581076622009,9.09970973432064,E,0.0004231728380545974,0.9759056568145752,0.023671159520745277,E,0.00010887542885029688,0.00014646835916209966,2.8392412332323147e-06,0.0027175855357199907,0.9759345054626465,0.0020368259865790606,0.0005885945865884423,0.01846424490213394,-122.65345001220703,136.14146423339844,0.000553036283235997
NP_001138576.1,T,61,0.26136431097984314,36.25122993290424,E,0.00016370210505556315,0.9867225289344788,0.013113709166646004,E,2.914321157732047e-05,4.2357612983323634e-05,7.666695864827489e-07,0.0007163003901951015,0.9884498119354248,0.0007429587421938777,0.00022657925728708506,0.009792173281311989,-106.55455017089844,125.32817840576172,0.0001557147188577801
NP_001138576.1,V,62,0.019813954830169678,3.045404857397079,E,0.00041219699778594077,0.9607698321342468,0.03881796449422836,E,0.00012297884677536786,0.00011536719102878124,3.649752443379839e-06,0.0028620436787605286,0.9619033336639404,0.0024489089846611023,0.0010012470884248614,0.03154248744249344,-109.47835540771484,122.45275115966797,0.0003102464834228158
NP_001138576.1,D,63,0.28510379791259766,41.08345727920532,E,0.0014699503080919385,0.5302354693412781,0.468294620513916,E,0.0008715912699699402,0.0005012866458855569,1.881136813608464e-05,0.005749401170760393,0.5902447700500488,0.07017988711595535,0.0480356439948082,0.2843987047672272,-89.37429809570312,97.21743774414062,0.0015991383697837591
NP_001138576.1,G,64,0.12423655390739441,9.777416792511941,C,0.0029624251183122396,0.1513769030570984,0.8456606864929199,C,0.003253012429922819,0.0007580754463560879,4.487303885980509e-05,0.0059189582243561745,0.20276816189289093,0.1819322258234024,0.25828731060028076,0.34703749418258667,-113.95215606689453,-2.0487399101257324,0.0016408836236223578
NP_001138576.1,F,65,0.19299575686454773,38.73424840271473,C,0.004909052513539791,0.3628421127796173,0.6322487592697144,E,0.0062068975530564785,0.0008324510417878628,6.076403587940149e-05,0.07620527595281601,0.2712983787059784,0.19865642488002777,0.18200592696666718,0.2647338807582855,-102.90384674072266,108.41885375976562,0.003345611970871687
NP_001138576.1,T,66,0.37652963399887085,52.224660235643384,C,0.0058279321528971195,0.29946208000183105,0.6947100162506104,C,0.004258223343640566,0.001276869443245232,6.909365765750408e-05,0.0839959979057312,0.22358812391757965,0.2975004315376282,0.070969358086586,0.31834185123443604,-114.01283264160156,130.65928649902344,0.00728688295930624
NP_001138576.1,D,67,0.36822590231895447,53.061352524161336,C,0.0007712942315265536,0.1547471135854721,0.8444815874099731,C,0.0005415943451225758,0.00015783945855218917,7.5140592343814205e-06,0.019343137741088867,0.12845589220523834,0.08432881534099579,0.00652576657012105,0.7606393694877625,-98.0376968383789,108.16336059570312,0.009688700549304485
NP_001138576.1,P,68,0.4252272844314575,60.33975166082382,C,0.09893039613962173,0.00886956974864006,0.8921999931335449,T,0.1113196313381195,0.010059619322419167,0.00010489173291716725,0.0009631577413529158,0.004721676930785179,0.08558030426502228,0.6559001803398132,0.13135039806365967,-65.12029266357422,-19.455352783203125,0.01756061241030693
NP_001138576.1,S,69,0.591665506362915,69.34319734573364,C,0.128904327750206,0.007962358184158802,0.8631333112716675,T,0.12075755000114441,0.011271338909864426,0.0001288460334762931,0.0025349592324346304,0.002571665681898594,0.10334071516990662,0.679290235042572,0.080104760825634,-76.96749114990234,-19.88486671447754,0.012054825201630592
NP_001138576.1,N,70,0.5106344819068909,74.75688815116882,C,0.10916072875261307,0.053888849914073944,0.8369503617286682,C,0.12709468603134155,0.009190086275339127,6.558273889822885e-05,0.025242207571864128,0.03386460989713669,0.2167932391166687,0.1583310067653656,0.42941853404045105,-112.3077163696289,68.04508972167969,0.02061108499765396
NP_001138576.1,S,71,0.34946542978286743,40.95734837055206,C,0.07480522245168686,0.02555282972753048,0.8996419310569763,T,0.0987691655755043,0.007218556944280863,0.000106686660728883,0.006325715687125921,0.017618723213672638,0.17750592529773712,0.49408891797065735,0.19836623966693878,-64.8487319946289,-7.656149387359619,0.008370446041226387
NP_001138576.1,E,72,0.6155490875244141,107.53642559051514,C,0.06755732744932175,0.04102225601673126,0.8914204835891724,T,0.07937876880168915,0.006431062705814838,0.00011902976257260889,0.003586637321859598,0.02735217846930027,0.2587524354457855,0.5102532505989075,0.11412669718265533,-88.34970092773438,-4.720187664031982,0.0050027258694171906
NP_001138576.1,R,73,0.3450700044631958,79.02103102207184,C,0.06528253108263016,0.3891603350639343,0.5455571413040161,E,0.06857776641845703,0.006921953987330198,0.00014161680883262306,0.04149497300386429,0.3378937244415283,0.19672523438930511,0.06807532161474228,0.28016936779022217,-113.00450134277344,138.71038818359375,0.005166316404938698
NP_001138576.1,F,74,0.051540642976760864,10.344207045435905,E,0.00293686892837286,0.8341894149780273,0.16287371516227722,E,0.0024310913868248463,0.0009674307657405734,2.52564532274846e-05,0.09653406590223312,0.7311321496963501,0.026274854317307472,0.009101872332394123,0.1335332840681076,-114.9580307006836,136.7952117919922,0.0011554351076483727
NP_001138576.1,C,75,0.05899852514266968,8.283392930030823,E,0.001767412875778973,0.8229304552078247,0.1753021776676178,E,0.000969287590123713,0.0006476505077444017,1.2292778592382092e-05,0.0987902358174324,0.6890907883644104,0.013336341828107834,0.004625475965440273,0.19252784550189972,-109.13301849365234,136.26771545410156,0.0018186703091487288
NP_001138576.1,L,76,0.020923584699630737,3.8311083585023877,H,0.5302184224128723,0.04295478016138077,0.4268267750740051,G,0.6295560598373413,0.08138111233711243,0.0007510753930546343,0.0017781115602701902,0.021416230127215385,0.05137405917048454,0.13028910756111145,0.08345422148704529,-74.84791564941406,-15.453042030334473,0.000978684751316905
NP_001138576.1,G,77,0.18611308932304382,14.64710012972355,H,0.740135133266449,0.056010741740465164,0.20385417342185974,G,0.7431098818778992,0.08116719126701355,0.0004989493172615767,0.003916108049452305,0.02630436420440674,0.02098098397254944,0.08954185247421265,0.03448069468140602,-63.65852355957031,-27.164731979370117,0.003447733586654067
NP_001138576.1,L,78,0.354708731174469,64.94716867804527,H,0.7236586213111877,0.036418721079826355,0.2399226278066635,G,0.7502219080924988,0.08101265877485275,0.0002775643370114267,0.002744105877354741,0.017890701070427895,0.024831848219037056,0.07487194985151291,0.04814926162362099,-79.38566589355469,8.020959854125977,0.0035688690841197968
NP_001138576.1,L,79,0.07950153946876526,14.556731876730918,C,0.14348143339157104,0.061653561890125275,0.7948650121688843,C,0.11349538713693619,0.04959942772984505,0.00038325096829794347,0.03507212549448013,0.03690389543771744,0.22773988544940948,0.07421009987592697,0.4625959098339081,-86.26984405517578,108.35679626464844,0.005035845562815666
NP_001138576.1,S,80,0.509364902973175,59.697566628456116,C,0.05176084116101265,0.038630370050668716,0.909608781337738,C,0.026329772546887398,0.02357642352581024,0.0003396245010662824,0.02189301699399948,0.025341473519802094,0.14954136312007904,0.10803993791341782,0.6449383497238159,-87.95829010009766,79.28592681884766,0.01361343078315258
NP_001138576.1,N,81,0.3216302990913391,47.086675786972044,C,0.03928866237401962,0.024284521117806435,0.9364268183708191,C,0.01814708486199379,0.014911544509232044,0.0001330430241068825,0.022460294887423515,0.012875332497060299,0.2529746890068054,0.04645117372274399,0.6320468783378601,-96.22123718261719,112.72921752929688,0.014952548779547215
NP_001138576.1,V,82,0.5194957256317139,79.84649302959441,C,0.1094159409403801,0.011859613470733166,0.8787245154380798,T,0.06853749603033066,0.01999320276081562,0.00031207999563775957,0.0026829189155250788,0.0040010386146605015,0.1472954899072647,0.6785261034965515,0.07865168899297714,-72.30277252197266,-21.36207389831543,0.024353893473744392
NP_001138576.1,N,83,0.6143947839736938,89.94739637374879,C,0.09408147633075714,0.005453168880194426,0.9004653096199036,T,0.09453708678483963,0.019729290157556534,0.00013880475307814777,0.0036492731887847185,0.0018678362248465419,0.12306404113769531,0.6203057765960693,0.13670796155929565,-98.13977813720703,20.29724884033203,0.015486625023186207
NP_001138576.1,R,84,0.3721502125263214,85.2223986685276,C,0.06805438548326492,0.008601385168731213,0.9233441948890686,C,0.03336447477340698,0.015416352078318596,0.00011304968211334199,0.01176255289465189,0.003462556516751647,0.2119339257478714,0.03871772065758705,0.6852293610572815,-79.3006820678711,123.41889953613281,0.016254296526312828
NP_001138576.1,N,85,0.48811519145965576,71.46006402969361,C,0.1396898329257965,0.0010781073942780495,0.8592320680618286,C,0.0028655591886490583,0.12563367187976837,7.089094287948683e-05,0.0017480566166341305,0.0002992189838550985,0.08857427537441254,0.0086500383913517,0.7721582651138306,-81.51598358154297,168.62818908691406,0.00768122635781765
NP_001138576.1,A,86,0.7026314735412598,77.42998838424683,H,0.9850441217422485,4.541895032161847e-05,0.014910511672496796,H,0.003679412417113781,0.9862242937088013,5.800063081551343e-05,1.8007091057370417e-05,1.4185566215019207e-05,0.0013606635620817542,0.005424375645816326,0.003221002407371998,-58.943058013916016,-39.494876861572266,0.003992729354649782
NP_001138576.1,A,87,0.2963699698448181,32.65997067689896,H,0.9908214807510376,3.74342234863434e-05,0.00914109405130148,H,0.005502783227711916,0.9875398874282837,0.0002370101137785241,2.2374479158315808e-05,1.0820953320944682e-05,0.0005863740807399154,0.0035576920490711927,0.002543118316680193,-61.35129928588867,-40.694644927978516,0.002642214298248291
NP_001138576.1,V,88,0.046758025884628296,7.1867085784673685,H,0.9952850937843323,8.086964953690767e-05,0.004634030628949404,H,0.00303213344886899,0.9924856424331665,0.000411951303249225,3.328124512336217e-05,3.4328702895436436e-05,0.00037583932862617075,0.0013019987381994724,0.002324719913303852,-62.35591125488281,-42.563297271728516,0.001478042220696807
NP_001138576.1,E,89,0.4738653004169464,82.78426798284053,H,0.9971355199813843,6.72178648528643e-05,0.0027973060496151447,H,0.0016040854388847947,0.9951761960983276,0.0006381788407452404,1.880714626167901e-05,2.6160339984926395e-05,0.00015992159023880959,0.0013293434167280793,0.001047263154760003,-62.6666374206543,-41.2757453918457,0.0008657104335725307
NP_001138576.1,L,90,0.4305654466152191,78.83653327524662,H,0.9953278303146362,8.881895337253809e-05,0.004583247471600771,H,0.0018955785781145096,0.9922001957893372,0.001708783209323883,4.490256105782464e-05,3.674457548186183e-05,0.00021808479505125433,0.0025445830542594194,0.0013511665165424347,-62.85401916503906,-41.24692916870117,0.0007701918948441744
NP_001138576.1,T,91,0.0384654700756073,5.335160699486732,H,0.9940783977508545,4.977328717359342e-05,0.005871864967048168,H,0.0038426259998232126,0.9855912923812866,0.0036392356269061565,3.70360939996317e-05,2.096286516461987e-05,0.000476011133287102,0.004396316595375538,0.0019964713137596846,-62.20933532714844,-41.84136199951172,0.0005414836341515183
NP_001138576.1,R,92,0.29814374446868896,68.27491748332977,H,0.9864981174468994,0.000222917296923697,0.013278897851705551,H,0.016335712745785713,0.9620214700698853,0.004055927507579327,0.0001145341302617453,0.00012059410073561594,0.00120664166752249,0.011915289796888828,0.004229748621582985,-62.93952560424805,-36.938716888427734,0.0011842806125059724
NP_001138576.1,R,93,0.6381670236587524,146.1402484178543,H,0.9027286767959595,0.00022764697496313602,0.09704368561506271,H,0.023485491052269936,0.8474885821342468,0.006201505661010742,0.00018674081366043538,8.269836689578369e-05,0.0044683534651994705,0.10867690294981003,0.00940972100943327,-66.30995178222656,-33.1656379699707,0.0015830479096621275
NP_001138576.1,H,94,0.3465269207954407,63.03324689269066,H,0.7818134427070618,0.0007527109701186419,0.2174338847398758,H,0.03722983971238136,0.6801283359527588,0.013821777887642384,0.00038101396057754755,0.00022679851099383086,0.010857655666768551,0.24088141322135925,0.016473066061735153,-86.29281616210938,-19.58978271484375,0.001130039687268436
NP_001138576.1,I,95,0.07524612545967102,13.920533210039139,H,0.6261536478996277,0.023828884586691856,0.35001739859580994,H,0.04529336839914322,0.4944531321525574,0.023919735103845596,0.012242132797837257,0.011256786063313484,0.07588953524827957,0.26736801862716675,0.06957731395959854,-72.4219970703125,-31.199140548706055,0.0010390457464382052
NP_001138576.1,G,96,0.28350508213043213,22.311849963665008,C,0.2263965606689453,0.012936626560986042,0.7606668472290039,T,0.08080174773931503,0.13746730983257294,0.0050783706828951836,0.003411992220208049,0.0074968719854950905,0.07622027397155762,0.5033740401268005,0.18614941835403442,-13.38773250579834,-17.456069946289062,0.0029602886643260717
NP_001138576.1,R,97,0.5730915665626526,131.23796874284744,C,0.10479501634836197,0.030599642544984818,0.8646053075790405,T,0.05330121889710426,0.06192879378795624,0.0011760167544707656,0.005578198004513979,0.013683256693184376,0.1456298679113388,0.6489489674568176,0.06975363194942474,-80.47637939453125,18.69058609008789,0.0009546021465212107
NP_001138576.1,G,98,0.08862355351448059,6.974673661589622,C,0.03557790443301201,0.10095270723104477,0.8634694218635559,T,0.024222804233431816,0.009915953502058983,0.0005044901627115905,0.005078683141618967,0.11506196856498718,0.1895861178636551,0.3896816670894623,0.2659483551979065,90.39926147460938,-27.829524993896484,0.0003930791572201997
NP_001138576.1,V,99,0.030518412590026855,4.6906800150871275,E,0.00021491679945029318,0.9331756234169006,0.06660939007997513,E,4.9617163313087076e-05,5.3396335715660825e-05,1.7134359495685203e-06,0.005849878303706646,0.9332108497619629,0.004928725305944681,0.0005253612762317061,0.055380452424287796,-115.68571472167969,140.07423400878906,0.00010570498852757737
NP_001138576.1,R,100,0.3792867064476013,86.8566557765007,E,0.0002680892066564411,0.9888312816619873,0.010900592431426048,E,4.386061482364312e-05,5.9410856920294464e-05,1.6568505998293404e-06,0.0005804315442219377,0.9888697862625122,0.0005138042033649981,0.00014499694225378335,0.009786044247448444,-111.53839111328125,131.09249877929688,0.00010105301043950021
NP_001138576.1,L,101,0.0702962577342987,12.871244791150092,E,4.655392694985494e-05,0.9911285638809204,0.008824827149510384,E,1.0914418453467079e-05,8.495789188600611e-06,1.4429691930217814e-07,0.00015468250785488635,0.9929199814796448,0.00029193752561695874,0.00010739300341811031,0.006506395526230335,-106.61714172363281,127.81525421142578,1.6197711374843493e-05
NP_001138576.1,Y,102,0.31860870122909546,68.08667945265769,E,8.948383765527979e-05,0.9973214268684387,0.0025890166871249676,E,1.8007762264460325e-05,2.1869083866477013e-05,7.323622526200779e-07,8.019505912670866e-05,0.9978305697441101,0.00016332650557160378,0.0001217871904373169,0.0017635176191106439,-134.18589782714844,144.6195831298828,4.402200283948332e-05
NP_001138576.1,Y,103,0.3276236653327942,70.01317728161811,E,0.00011016272765118629,0.9898213148117065,0.010068465024232864,E,3.280687815276906e-05,2.9363169232965447e-05,8.939112490224943e-07,0.00027072132797911763,0.9920179843902588,0.0004222550487611443,0.00029028180870227516,0.0069357482716441154,-108.8857650756836,129.4235382080078,0.00010806892532855272
NP_001138576.1,I,104,0.3637602627277374,67.29564860463142,E,0.0031686003785580397,0.9255836606025696,0.07124780118465424,E,0.0034911478869616985,0.0004685774038080126,4.630896000890061e-06,0.002559130545705557,0.9348002076148987,0.005313897505402565,0.0116690993309021,0.04169343411922455,-123.28822326660156,115.9652328491211,0.0008491416228935122
NP_001138576.1,G,105,0.8566629886627197,67.41937720775604,C,0.011845096945762634,0.010412264615297318,0.977742612361908,T,0.012793161906301975,0.00015409990737680346,1.9902772692148574e-06,0.00018713713507167995,0.0022212492767721415,0.05324825644493103,0.9248724579811096,0.0065217032097280025,59.806175231933594,9.031257629394531,0.0029516753274947405
NP_001138576.1,G,106,0.6344455480575562,49.93086463212967,C,0.011745339259505272,0.0008090957999229431,0.987445592880249,T,0.006742865778505802,0.000734701578039676,5.918399892834714e-06,5.131607031216845e-05,0.00020608751219697297,0.04845008999109268,0.9342122077941895,0.009596838615834713,79.9034194946289,-12.638936042785645,0.003635479137301445
NP_001138576.1,E,107,0.4399019181728363,76.8508651047945,E,0.000627208617515862,0.872517466545105,0.12685538828372955,E,0.0006433350499719381,7.31055552023463e-05,4.823013455279579e-07,0.004843655042350292,0.8919404149055481,0.025760238990187645,0.01769012026488781,0.05904868617653847,-110.98204040527344,141.44174194335938,0.002779844682663679
NP_001138576.1,V,108,0.03647017478942871,5.6054658651351925,E,8.13552614999935e-05,0.9848402142524719,0.015078367665410042,E,3.43033934768755e-05,1.821537262003403e-05,2.4200815573749423e-07,0.0004593577468767762,0.9874146580696106,0.0006932857795618474,0.00032789501710794866,0.011052066460251808,-103.36682891845703,129.4591064453125,0.00028177982312627137
NP_001138576.1,F,109,0.1164368987083435,23.36888557076454,E,0.00010489788837730885,0.9959665536880493,0.0039284806698560715,E,1.8317186913918704e-05,2.93951561616268e-05,2.3632683223695494e-06,0.00015022708976175636,0.9968562126159668,0.00032130334875546396,0.00013890395348425955,0.002483213087543845,-111.80333709716797,138.38072204589844,0.00011391558655304834
NP_001138576.1,A,110,0.004589468240737915,0.5057594001293183,E,8.99616425158456e-05,0.9981245398521423,0.001785535947419703,E,1.1684127457556315e-05,2.3703076294623315e-05,2.068458400117379e-07,7.372668187599629e-05,0.9983615279197693,0.0001099983710446395,3.781771010835655e-05,0.0013814568519592285,-117.78911590576172,136.4820098876953,3.497382567729801e-05
NP_001138576.1,E,111,0.2458494007587433,42.94989031255245,E,9.07795038074255e-05,0.9954293966293335,0.004479831550270319,E,1.55843845277559e-05,3.331317566335201e-05,1.2796052715202677e-06,0.0003864434838760644,0.9954816102981567,0.00030221478664316237,0.00013173518527764827,0.003647842211648822,-119.82135772705078,134.80752563476562,0.0001811284018913284
NP_001138576.1,C,112,0.03722196817398071,5.2259643316268924,E,0.00018285731493961066,0.9580988883972168,0.04171828180551529,E,3.262501195422374e-05,4.729139982373454e-05,5.018286515223735e-07,0.0037611734587699175,0.9448387026786804,0.0013202796690165997,0.00031318445689976215,0.04968615248799324,-95.07894134521484,130.76104736328125,0.00027307000709697604
NP_001138576.1,L,113,0.3281039893627167,60.07584045231342,C,0.004131999798119068,0.1286482959985733,0.8672197461128235,S,0.0024410970509052277,0.0005911659100092947,1.9689976397785358e-05,0.003981336485594511,0.1334986835718155,0.455843061208725,0.09087728708982468,0.3127477467060089,-86.75470733642578,-18.365976333618164,0.0011053355410695076
NP_001138576.1,S,114,0.06583869457244873,7.716295003890991,C,0.0004735949041787535,0.04629316180944443,0.9532332420349121,S,0.00031692415359430015,6.2872379203327e-05,1.4389626130650868e-06,0.01442158967256546,0.037850502878427505,0.47193947434425354,0.03245853632688522,0.4429486393928528,-115.54003143310547,163.85195922851562,0.0003188638365827501
NP_001138576.1,D,115,0.8147439956665039,117.40460977554321,C,0.00013330184447113425,0.001606582896783948,0.9982600808143616,S,2.4567822038079612e-05,4.165779046161333e-06,8.13482898820439e-08,2.1341047613532282e-05,0.00044023158261552453,0.9503123760223389,0.01620231382548809,0.03299486264586449,-84.24809265136719,-19.661575317382812,0.00033998469007201493
NP_001138576.1,S,116,0.23292094469070435,27.29833471775055,C,6.750915781594813e-05,0.018451396375894547,0.9814810752868652,S,1.3969934116175864e-05,1.5092579133124673e-06,6.124666640516807e-08,0.0011120687704533339,0.004559640772640705,0.9275570511817932,0.0024548987857997417,0.06430070847272873,-120.62523651123047,151.32106018066406,0.0002941404818557203
NP_001138576.1,A,117,0.09394091367721558,10.352288687229157,C,0.00023110130860004574,0.17491988837718964,0.824849009513855,C,4.023707879241556e-05,3.806642780546099e-05,1.3086602166367811e-06,0.004557717591524124,0.13805122673511505,0.04208648204803467,0.0028181078378111124,0.8124068975448608,-78.85496520996094,145.1844940185547,0.00010597406071610749
NP_001138576.1,I,118,0.008583694696426392,1.5879835188388824,E,0.00014006751007400453,0.9808868169784546,0.018973037600517273,E,9.902456076815724e-05,3.89371816709172e-05,2.5087786070798757e-07,0.009266318753361702,0.9736446738243103,0.0019602940883487463,0.000656456162687391,0.014334042556583881,-119.46121215820312,136.5204620361328,8.78581777215004e-05
NP_001138576.1,F,119,0.07120123505592346,14.290087875723838,E,0.00024808128364384174,0.9876258969306946,0.012125995010137558,E,6.197742914082482e-05,8.493280620314181e-05,1.684452854533447e-06,0.0020943223498761654,0.9867687821388245,0.0014045611023902893,0.0003488458751235157,0.009234888479113579,-106.23870849609375,132.56565856933594,0.0001175765210064128
NP_001138576.1,V,120,0.006140023469924927,0.9437216073274611,E,0.00011325920786475763,0.9866988658905029,0.013187859207391739,E,2.7753178073908202e-05,3.2461670343764126e-05,6.159513077363954e-07,0.001768639194779098,0.9873139262199402,0.0011288195382803679,0.0002576177357695997,0.009470107965171337,-117.28536224365234,133.8826446533203,3.528390152496286e-05
NP_001138576.1,Q,121,0.1679285764694214,29.99204375743866,E,0.0006513592670671642,0.9001390337944031,0.09920958429574966,E,0.000182477873750031,0.00018079692381434143,3.1577039862895617e-06,0.0076596373692154884,0.8937917351722717,0.008161324076354504,0.001974839949980378,0.08804604411125183,-106.3653564453125,130.61631774902344,0.000217739274376072
NP_001138576.1,S,122,0.014474451541900635,1.6964057207107544,C,0.0077298362739384174,0.19925019145011902,0.7930199503898621,C,0.0005918545066379011,0.0029399602208286524,1.1003507097484544e-05,0.006756290793418884,0.15664446353912354,0.03686704859137535,0.002454590518027544,0.7937348484992981,-112.28138732910156,146.05587768554688,0.00012449573841877282
NP_001138576.1,P,123,0.18619579076766968,26.421182709932328,H,0.6058543920516968,0.014541332609951496,0.3796042501926422,H,0.1303100287914276,0.43485864996910095,0.0015246670227497816,0.001805341918952763,0.013353191316127777,0.15288864076137543,0.18850722908973694,0.07675222307443619,-63.36589813232422,-26.44611167907715,0.0007228091708384454
NP_001138576.1,N,124,0.29469460248947144,43.14328980445862,H,0.5107924342155457,0.015874506905674934,0.47333312034606934,H,0.0795646458864212,0.3974035084247589,0.002478963229805231,0.00718796718865633,0.011066080071032047,0.10571418702602386,0.28862959146499634,0.10795507580041885,-75.3360824584961,-26.69108009338379,0.001939747016876936
NP_001138576.1,C,125,0.034765154123306274,4.881027638912201,H,0.8654254078865051,0.00794521439820528,0.12662945687770844,H,0.08942362666130066,0.7230151295661926,0.006648820824921131,0.005090103484690189,0.007410967722535133,0.03495815768837929,0.04169827699661255,0.09175492823123932,-65.10231018066406,-35.04300308227539,0.0013975250767543912
NP_001138576.1,N,126,0.09478190541267395,13.876070952415468,H,0.8366712927818298,0.01547323539853096,0.14785544574260712,H,0.03481128439307213,0.8023623824119568,0.008787046186625957,0.009217065759003162,0.009141200222074986,0.017561446875333786,0.024636460468173027,0.09348311275243759,-70.83773803710938,-35.69401168823242,0.004535338841378689
NP_001138576.1,Q,127,0.6131924986839294,109.5161802649498,H,0.8391223549842834,0.007649978157132864,0.15322764217853546,H,0.1633380949497223,0.6311476230621338,0.006844367831945419,0.003561134450137615,0.00519157899543643,0.02968992106616497,0.11909298598766327,0.04113420099020004,-68.14873504638672,-35.41232681274414,0.008568779565393925
NP_001138576.1,R,128,0.6984766721725464,159.95115792751312,H,0.731749951839447,0.013594629243016243,0.2546553909778595,H,0.2210054248571396,0.46355992555618286,0.0032129338942468166,0.005177009850740433,0.009852257557213306,0.034418102353811264,0.2016395628452301,0.06113480031490326,-68.66210174560547,-29.022733688354492,0.010131827555596828
NP_001138576.1,Y,129,0.45385485887527466,96.98878334164618,H,0.5552133917808533,0.00632307305932045,0.4384635388851166,T,0.2027485966682434,0.28325432538986206,0.0015210392884910107,0.0024324667174369097,0.0026208243798464537,0.039616379886865616,0.42769038677215576,0.04011600837111473,-92.50198364257812,2.0238595008850098,0.01093266997486353
NP_001138576.1,G,130,0.6403118371963501,50.39254158735275,C,0.011386040598154068,0.011864843778312206,0.9767491817474365,T,0.008789118379354477,0.0025571538135409355,0.00033994601108133793,0.003508764086291194,0.006380842532962561,0.07368958741426468,0.7553592920303345,0.14937537908554077,81.67804718017578,16.07600975036621,0.007957144640386105
NP_001138576.1,W,131,0.2502903640270233,60.19483254849911,C,0.006635425612330437,0.12668146193027496,0.8666830658912659,C,0.003917170688509941,0.0014742896892130375,6.7281631345395e-05,0.07498251646757126,0.07933797687292099,0.125310018658638,0.02623678557574749,0.6886739730834961,-94.8280029296875,138.99588012695312,0.00827046763151884
NP_001138576.1,H,132,0.5012441873550415,91.17631767988205,C,0.0023773559369146824,0.0334462895989418,0.96417635679245,C,0.0015648199478164315,0.0006407143082469702,8.868246368365362e-06,0.011421062983572483,0.02220909111201763,0.08822425454854965,0.008080578409135342,0.8678505420684814,-105.36289978027344,123.60975646972656,0.0040438538417220116
NP_001138576.1,P,133,0.3237619400024414,45.94181928634644,C,0.4773300290107727,0.041336286813020706,0.48133373260498047,G,0.5354064702987671,0.04156802222132683,7.324247417273e-05,0.004919429309666157,0.026842150837183,0.03743317723274231,0.15457281470298767,0.19918465614318848,-63.71615219116211,-5.980627536773682,0.003341210540384054
NP_001138576.1,A,134,0.5397924780845642,59.485131084918976,H,0.536601722240448,0.038016073405742645,0.42538216710090637,G,0.572353184223175,0.02909250371158123,0.00024480826687067747,0.001779642072506249,0.02276650071144104,0.09341656416654587,0.21101655066013336,0.06933025270700455,-72.44242858886719,-12.648381233215332,0.0029981762636452913
NP_001138576.1,T,135,0.24978107213974,34.64463470578193,H,0.6114312410354614,0.07443402707576752,0.31413477659225464,G,0.6488851308822632,0.05079536885023117,0.0003095571883022785,0.0038830633275210857,0.05287930741906166,0.060814596712589264,0.09278377890586853,0.0896492451429367,-95.13236236572266,10.798055648803711,0.0011735528241842985
NP_001138576.1,V,136,0.09099525213241577,13.985970252752303,E,0.0066309054382145405,0.7679484486579895,0.22542068362236023,E,0.003847674001008272,0.002902601845562458,0.00016194090130738914,0.03184332698583603,0.7559188008308411,0.049160975962877274,0.013442574068903923,0.14272212982177734,-105.26345825195312,133.32655334472656,0.0006936351419426501
NP_001138576.1,C,137,0.14435887336730957,20.267985820770264,E,0.0021477630361914635,0.9809736609458923,0.016878623515367508,E,0.000582478241994977,0.0005504298023879528,2.0304192730691284e-05,0.0030370743479579687,0.9800679087638855,0.0013951502041891217,0.0008130826172418892,0.013533547520637512,-123.33873748779297,141.6226348876953,0.00044349062955006957
NP_001138576.1,K,138,0.37611380219459534,77.36660911142826,E,0.00014554962399415672,0.9938306212425232,0.006023772526532412,E,5.570760549744591e-05,3.594092413550243e-05,8.373683044737845e-07,0.002684087725356221,0.9919256567955017,0.00026170891942456365,0.00011582084698602557,0.004920255392789841,-89.68413543701172,129.78350830078125,7.438344619004056e-05
NP_001138576.1,I,139,0.028234899044036865,5.22345632314682,E,2.8537593607325107e-05,0.8874607086181641,0.11251067370176315,E,1.4546013517247047e-05,3.6456358429859392e-06,4.485652311814192e-07,0.014906756579875946,0.8861406445503235,0.0028635822236537933,0.00020255734852980822,0.09586773067712784,-102.66168212890625,114.9491195678711,9.70577311818488e-05
NP_001138576.1,P,140,0.26900094747543335,38.171234446764,C,0.0002591235679574311,0.01223928015679121,0.9875016212463379,C,0.00015329840243794024,6.849537021480501e-05,6.127139045020158e-07,0.0007606011349707842,0.013248821720480919,0.02260814793407917,0.008737846277654171,0.954422116279602,-62.24851989746094,156.3011474609375,0.00014493311755359173
NP_001138576.1,P,141,0.4736115038394928,67.20547239482403,C,0.0024158579763025045,0.005724089220166206,0.9918600916862488,T,0.0018435160163789988,0.00020568387117236853,1.9838051912302035e-07,0.0010589027078822255,0.0007949942373670638,0.01868712529540062,0.9643134474754333,0.013096063397824764,-55.17841339111328,140.1311798095703,0.00022933261061552912
NP_001138576.1,G,142,0.4377286434173584,34.44924423694611,C,0.0020517997909337282,0.010242659598588943,0.9877055287361145,T,0.0011320371413603425,0.00014743096835445613,9.252343261323404e-06,0.0001969218283193186,0.002442179946228862,0.02262031100690365,0.9638259410858154,0.00962584838271141,88.10071563720703,0.9036747813224792,0.00034673584741540253
NP_001138576.1,C,143,0.09919765591621399,13.927350890636445,C,0.001103483489714563,0.2277878224849701,0.7711087465286255,C,0.0003554548602551222,0.00024196745653171092,2.546316864027176e-06,0.01053763646632433,0.21904292702674866,0.05415863171219826,0.005670496262609959,0.7099903225898743,-89.02275848388672,156.29208374023438,0.00048762120422907174
NP_001138576.1,N,144,0.17315980792045593,25.35059587955475,E,0.00012858399713877589,0.9206414818763733,0.0792299285531044,E,4.4229571358300745e-05,2.2574102331418544e-05,6.66401660964766e-07,0.007452286314219236,0.9131873250007629,0.006702827755361795,0.0007449369295500219,0.07184521108865738,-107.28155517578125,139.9812774658203,0.0001587946608196944
NP_001138576.1,L,145,0.011110454797744751,2.034324273467064,E,5.883094490855001e-05,0.9960797429084778,0.003861512988805771,E,1.2325190255069174e-05,2.1985841158311814e-05,1.4985720042659523e-07,0.0005416274652816355,0.9964415431022644,0.00028915569419041276,9.762276749825105e-05,0.0025956062600016594,-123.2067642211914,135.86386108398438,3.902667958755046e-05
NP_001138576.1,K,146,0.10992041230201721,22.61062881052494,E,1.4529463442158885e-05,0.9988884329795837,0.0010970308212563396,E,3.404388735361863e-06,3.87126965506468e-06,9.134340928085294e-08,0.0001328343787463382,0.9990290403366089,5.696085645467974e-05,2.647842120495625e-05,0.0007472543511539698,-114.47716522216797,132.45550537109375,2.993008638441097e-05
NP_001138576.1,I,147,0.010041743516921997,1.8577225506305695,E,2.2100957721704617e-05,0.9940999150276184,0.005878051742911339,E,5.822778803121764e-06,6.8712297434103675e-06,5.4010570238460787e-08,0.0006699150544591248,0.99472576379776,0.0003338037640787661,0.00015340576646849513,0.004104398190975189,-107.00560760498047,124.73583984375,1.3146112905815244e-05
NP_001138576.1,F,148,0.09134083986282349,18.332106560468674,E,0.00023323128698393703,0.846989095211029,0.15277762711048126,E,7.40038012736477e-05,7.053610170260072e-05,2.313753839189303e-06,0.0052234940230846405,0.8569092154502869,0.043563198298215866,0.00591051671653986,0.08824673295021057,-112.41234588623047,143.23838806152344,0.0002601435116957873
NP_001138576.1,N,149,0.2657478451728821,38.90548453330994,C,0.0007183895795606077,0.41671302914619446,0.5825685858726501,C,0.00014474007184617221,0.0002732562425080687,1.1638052455964498e-05,0.011272870004177094,0.41057083010673523,0.05521128699183464,0.0022762767039239407,0.5202391147613525,-105.97479248046875,124.72123718261719,0.00035170037881471217
NP_001138576.1,N,150,0.2968675494194031,43.46140923500061,H,0.9056519865989685,0.0010034136939793825,0.09334461390972137,H,0.014762066304683685,0.9084685444831848,0.0014247387880459428,0.00016112027515191585,0.000731023377738893,0.011382599361240864,0.02872912585735321,0.034340750426054,-62.995811462402344,-33.27273941040039,0.001405823859386146
NP_001138576.1,Q,151,0.6934879422187805,123.8569464802742,H,0.965861976146698,0.000553955091163516,0.03358403220772743,H,0.009680399671196938,0.9615060687065125,0.001047750236466527,7.444765651598573e-05,0.00036365288542583585,0.0026325094513595104,0.018059005960822105,0.006636090110987425,-66.43292999267578,-39.8085823059082,0.0037449027877300978
NP_001138576.1,E,152,0.4564298987388611,79.73830330967903,H,0.9760010242462158,0.0007446109084412456,0.02325434610247612,H,0.01565312035381794,0.9554386734962463,0.0012021675938740373,0.00033369968878105283,0.00045432825572788715,0.0026193975936621428,0.016242394223809242,0.008056188002228737,-69.85327911376953,-38.586761474609375,0.0013450754340738058
NP_001138576.1,F,153,0.05892869830131531,11.82698974907398,H,0.9879373908042908,0.00026481266831979156,0.01179772149771452,H,0.005239382386207581,0.9821013808250427,0.0011760374763980508,6.14993623457849e-05,0.00013230952026788145,0.0014173792442306876,0.005126066971570253,0.00474588293582201,-64.77980041503906,-41.22798156738281,0.001114609302021563
NP_001138576.1,A,154,0.30956143140792847,34.11366974115372,H,0.9957374334335327,8.06417956482619e-05,0.004181952215731144,H,0.0015141598414629698,0.9939796924591064,0.0007714549428783357,2.163406679756008e-05,3.3515618270030245e-05,0.00033218422322534025,0.0018295103218406439,0.0015179660404101014,-60.43262481689453,-41.74812316894531,0.00128841248806566
NP_001138576.1,A,155,0.5222899913787842,57.556357049942015,H,0.993320882320404,9.031833178596571e-05,0.006588792894035578,H,0.0018378086388111115,0.989934504032135,0.0015605768421664834,3.545241634128615e-05,4.23932469857391e-05,0.0005228588706813753,0.0045657106675207615,0.0015006382018327713,-64.00310516357422,-40.79676818847656,0.0008452896727249026
NP_001138576.1,L,156,0.1933533251285553,35.40299383103847,H,0.9912276864051819,8.870294550433755e-05,0.008683590218424797,H,0.00252124248072505,0.9876502156257629,0.0013527574483305216,2.7769250664277934e-05,3.587677201721817e-05,0.0007243758882395923,0.005366041325032711,0.002321843523532152,-64.38233184814453,-41.70149612426758,0.001164034241810441
NP_001138576.1,L,157,0.10968515276908875,20.083351472020148,H,0.9794209003448486,0.0002270074764965102,0.020352059975266457,H,0.003078529378399253,0.9759401679039001,0.0022853154223412275,0.00010555970948189497,9.498185681877658e-05,0.002090029651299119,0.008868147619068623,0.007537289056926966,-64.41120147705078,-40.69090270996094,0.003595824586227536
NP_001138576.1,A,158,0.4575573205947876,50.422816729545595,H,0.9682494401931763,0.00011356810864526778,0.031637001782655716,H,0.0038306638598442078,0.968185305595398,0.0015525231137871742,5.9685829910449684e-05,4.854645158047788e-05,0.002281834604218602,0.015045123174786568,0.008996423333883286,-62.56917190551758,-38.71053695678711,0.007057132665067911
NP_001138576.1,Q,159,0.5421185493469238,96.8223729133606,H,0.9455947875976562,0.0003565367660485208,0.054048631340265274,H,0.004949001129716635,0.945621907711029,0.0034455214627087116,0.000212521554203704,0.00017154804663732648,0.004237748682498932,0.025488900020718575,0.015872769057750702,-66.49774169921875,-39.123199462890625,0.009042901918292046
NP_001138576.1,S,160,0.11271792650222778,13.210540986061096,H,0.9443333148956299,0.00044966497807763517,0.05521712824702263,H,0.008098040707409382,0.9407236576080322,0.00481830770149827,0.0002756115572992712,0.00018450363131705672,0.003833021968603134,0.019314313307404518,0.022752560675144196,-63.97906494140625,-38.84359359741211,0.02129872888326645
NP_001138576.1,V,161,0.3901258707046509,59.962346327304836,H,0.8808681964874268,0.00324634020216763,0.11588548123836517,H,0.023405885323882103,0.8592870831489563,0.006739955861121416,0.0016343697207048535,0.0016566603444516659,0.012439755722880363,0.051531992852687836,0.04330435395240784,-66.09007263183594,-38.803436279296875,0.0480540432035923
NP_001138576.1,N,162,0.8053553104400635,117.9040174484253,H,0.8699950575828552,0.001212672796100378,0.12879224121570587,H,0.0186845101416111,0.8628108501434326,0.004468108527362347,0.0004210744518786669,0.0006992557900957763,0.012888988479971886,0.06699945777654648,0.03302769362926483,-69.93177032470703,-28.903213500976562,0.03872806578874588
NP_001138576.1,Q,163,0.6272408366203308,112.02521342039108,C,0.4849797487258911,0.0016768751665949821,0.513343334197998,H,0.02914113737642765,0.46513935923576355,0.00658910907804966,0.0012008743360638618,0.0006389992777258158,0.053444404155015945,0.36639291048049927,0.07745315134525299,-85.79904174804688,-12.17630672454834,0.0353374108672142
NP_001138576.1,G,164,0.5234031081199646,41.19182460904121,C,0.13055899739265442,0.0010998838115483522,0.8683411478996277,T,0.019416669383645058,0.12414581328630447,0.00304187904112041,0.0011371496366336942,0.0004974111216142774,0.07736463099718094,0.5309626460075378,0.24343375861644745,82.6339340209961,10.847765922546387,0.034275494515895844
NP_001138576.1,F,165,0.45473402738571167,91.26511929631232,C,0.30384984612464905,0.012300774455070496,0.6838493943214417,C,0.03170400857925415,0.26617124676704407,0.001136475009843707,0.006493475288152695,0.008339294232428074,0.07015372067689896,0.06859651207923889,0.5474052429199219,-74.01887512207031,9.18580150604248,0.06191030517220497
NP_001138576.1,E,166,0.7624066472053528,133.19244126677512,H,0.604360818862915,0.005067258141934872,0.3905719220638275,H,0.07455284893512726,0.52884441614151,0.00036007020389661193,0.002395207528024912,0.0037130953278392553,0.05922646448016167,0.11714525520801544,0.21376264095306396,-66.17819213867188,-32.27309799194336,0.03872765228152275
NP_001138576.1,A,167,0.2412382960319519,26.584460222721102,H,0.6999391317367554,0.005725466180592775,0.2943354845046997,H,0.11561740189790726,0.5377783179283142,0.0007959118811413646,0.003229944035410881,0.003485797205939889,0.06800566613674164,0.09265284985303879,0.17843417823314667,-72.02765655517578,-33.4716682434082,0.03756102919578552
NP_001138576.1,V,168,0.1667705774307251,25.632637751102447,H,0.8441439867019653,0.013925188221037388,0.14193084836006165,H,0.15638083219528198,0.6772036552429199,0.0014162276638671756,0.004214874003082514,0.010373104363679886,0.018837476149201393,0.04506298527121544,0.08651092648506165,-68.77604675292969,-34.142459869384766,0.03040270134806633
NP_001138576.1,Y,169,0.4804479777812958,102.6717328518629,H,0.890728235244751,0.008774026297032833,0.10049767047166824,H,0.17077381908893585,0.7039523124694824,0.0017874394543468952,0.0018672882579267025,0.007041396107524633,0.014009462669491768,0.04824963957071304,0.05231864005327225,-69.88528442382812,-31.027149200439453,0.01860637404024601
NP_001138576.1,Q,170,0.4863269329071045,86.85799021720887,H,0.9161927700042725,0.004038545768707991,0.07976865023374557,H,0.15914836525917053,0.734684944152832,0.0012491685338318348,0.00126217445358634,0.0032756896689534187,0.011126807890832424,0.04409444332122803,0.04515838995575905,-67.06726837158203,-32.11762619018555,0.013248790986835957
NP_001138576.1,L,171,0.0799470841884613,14.638311114907264,H,0.8987856507301331,0.0054815844632685184,0.09573280066251755,H,0.17826315760612488,0.69722580909729,0.002489751670509577,0.0027380690444260836,0.00413753604516387,0.008981914259493351,0.04212091863155365,0.06404278427362442,-66.30790710449219,-33.194705963134766,0.006806551478803158
NP_001138576.1,T,172,0.2923610806465149,40.550481885671616,H,0.8236161470413208,0.015581765212118626,0.16080202162265778,H,0.20899251103401184,0.5879709720611572,0.008374502882361412,0.0038358313031494617,0.012360619381070137,0.026320738717913628,0.06691873073577881,0.08522606641054153,-76.29948425292969,-30.104110717773438,0.012447900138795376
NP_001138576.1,R,173,0.48170313239097595,110.3100173175335,H,0.6769741177558899,0.03044229932129383,0.292583703994751,H,0.2889661490917206,0.3398268520832062,0.004186883103102446,0.0054144407622516155,0.02552141807973385,0.10748561471700668,0.13612650334835052,0.09247210621833801,-89.52510833740234,-12.20529842376709,0.007947579026222229
NP_001138576.1,M,174,0.22994890809059143,46.012776508927345,C,0.317910373210907,0.10407351702451706,0.5780161023139954,C,0.1706039160490036,0.14174211025238037,0.0015247318660840392,0.014212941750884056,0.09213366359472275,0.12545248866081238,0.1729641705751419,0.2813660204410553,-87.20276641845703,75.418212890625,0.0032583167776465416
NP_001138576.1,C,175,0.051811426877975464,7.274324333667756,C,0.025391291826963425,0.3615567982196808,0.6130519509315491,C,0.010386633686721325,0.010152418166399002,0.0002264841750729829,0.010908734984695911,0.35460758209228516,0.13408483564853668,0.0554182305932045,0.42421507835388184,-112.50196838378906,141.5122833251953,0.002155470661818981
NP_001138576.1,T,176,0.10749354958534241,14.90935532748699,E,0.0011969812912866473,0.9216232299804688,0.07717984914779663,E,0.0004408600216265768,0.0003748477029148489,1.3288085028761998e-05,0.003235766664147377,0.9242903590202332,0.01311101857572794,0.0016453034477308393,0.05688852444291115,-120.72560119628906,138.1495361328125,0.0004700636491179466
NP_001138576.1,I,177,0.019788533449172974,3.660878688097,E,0.0001560483215143904,0.9936655163764954,0.006178470328450203,E,3.10414943669457e-05,5.3083786042407155e-05,9.145859962700342e-07,0.0002953063230961561,0.9947176575660706,0.0006309118471108377,0.00011113058280898258,0.00415993994101882,-119.47042083740234,132.3056640625,7.706118776695803e-05
NP_001138576.1,R,178,0.19174033403396606,43.90853649377823,E,0.00013826065696775913,0.9973883032798767,0.0024734223261475563,E,2.414529080851935e-05,4.714573151431978e-05,1.2786788374796743e-06,6.60965743009001e-05,0.9976584911346436,0.00018491178343538195,6.847264739917591e-05,0.0019495498854666948,-111.58419799804688,129.58055114746094,3.1511135603068396e-05
NP_001138576.1,M,179,0.014414966106414795,2.8844347178936003,E,0.00016072532162070274,0.9952404499053955,0.0045987400226294994,E,4.489765706239268e-05,4.914395685773343e-05,7.221916575872456e-07,0.00017118820687755942,0.9958797693252563,0.00035602328716777265,0.0001217113749589771,0.003376549109816551,-117.299072265625,130.9659423828125,2.18752848013537e-05
NP_001138576.1,S,180,0.06372091174125671,7.468090856075287,E,0.0005904347053728998,0.9816546440124512,0.017754925414919853,E,0.00018759578233584762,0.00020937464432790875,9.9392354968586e-06,0.0004986614221706986,0.9835163950920105,0.0017037150682881474,0.0006219153292477131,0.013252466917037964,-120.86910247802734,140.26402282714844,0.0002683520724531263
NP_001138576.1,F,181,0.06290954351425171,12.625945383310317,E,0.0005430831224657595,0.9298761487007141,0.06958085298538208,E,0.000221080903429538,0.0001542676764074713,5.459008207253646e-06,0.00216098316013813,0.933952271938324,0.008564303629100323,0.001418155268765986,0.05352340266108513,-116.75390625,134.5830841064453,0.0003328961320221424
NP_001138576.1,V,182,0.09161025285720825,14.080495864152907,E,0.0018431394128128886,0.8394054174423218,0.1587514877319336,E,0.0008609813521616161,0.0005839135264977813,2.3784725271980278e-05,0.010709288530051708,0.8281853199005127,0.024151720106601715,0.00501976627856493,0.13046516478061676,-114.55692291259766,137.22213745117188,0.0014425890985876322
NP_001138576.1,K,183,0.3091886043548584,63.60009591579437,E,0.009491418488323689,0.5566525459289551,0.4338560700416565,E,0.0076495879329741,0.004604546818882227,0.00010286697215633467,0.031315386295318604,0.5586346983909607,0.08083504438400269,0.10272908955812454,0.21412880718708038,-100.96015167236328,137.43016052246094,0.004198889248073101
NP_001138576.1,G,184,0.30531755089759827,24.028491255640983,C,0.009136791341006756,0.0903124287724495,0.9005507826805115,C,0.011038199998438358,0.00321532622911036,0.0001244149316335097,0.011101007461547852,0.09899493306875229,0.20698606967926025,0.2412671595811844,0.42727282643318176,94.39039611816406,38.81364822387695,0.009024044498801231
NP_001138576.1,W,185,0.3384510576725006,81.3974793702364,C,0.020113134756684303,0.09817439317703247,0.8817124962806702,C,0.013782300055027008,0.004799823742359877,0.00023478675575461239,0.039992544800043106,0.05598356947302818,0.2520360052585602,0.10677812993526459,0.526392936706543,-95.76142883300781,125.19770050048828,0.03168494999408722
NP_001138576.1,G,186,0.3903229236602783,30.718414092063906,C,0.06842745095491409,0.010824844241142273,0.920747697353363,C,0.07782825827598572,0.015477304346859455,0.00023475073976442218,0.007791995070874691,0.006827734876424074,0.30950337648391724,0.10203929990530014,0.4802972674369812,96.78679656982422,-169.24530029296875,0.03140069916844368
NP_001138576.1,A,187,0.7609364986419678,83.85520215034485,C,0.060196004807949066,0.0016221338883042336,0.9381818771362305,T,0.06334025412797928,0.005615599453449249,4.8723006329964846e-05,0.0003381263231858611,0.0004858443280681968,0.15012191236019135,0.7359375953674316,0.044111985713243484,-63.69646072387695,-26.8927001953125,0.03996316343545914
NP_001138576.1,E,188,0.8203378915786743,143.3130296587944,C,0.05831015110015869,0.0013727085897698998,0.9403171539306641,T,0.09159541875123978,0.007694560568779707,1.4730489965586457e-05,0.0006225973484106362,0.0006780977710150182,0.1294332891702652,0.6473602652549744,0.12260107696056366,-82.29476928710938,1.3475478887557983,0.03675024211406708
NP_001138576.1,Y,189,0.2368718683719635,50.619518271088594,C,0.03799227252602577,0.014299301430583,0.9477084279060364,C,0.030992090702056885,0.005097697488963604,5.195794437895529e-05,0.013793928548693657,0.006515886634588242,0.21229371428489685,0.02265944704413414,0.7085952162742615,-86.46356964111328,127.32383728027344,0.056029800325632095
NP_001138576.1,R,190,0.7484960556030273,171.40559673309326,C,0.01295236125588417,0.014309159480035305,0.97273850440979,C,0.00677349790930748,0.00271242787130177,2.482622403476853e-05,0.009646551683545113,0.008558250032365322,0.08821575343608856,0.02846972830593586,0.855599045753479,-92.77496337890625,98.9144287109375,0.03159563988447189
NP_001138576.1,R,191,0.3943147361278534,90.29807457327843,C,0.05951453000307083,0.021433787420392036,0.9190516471862793,C,0.0332542359828949,0.021687742322683334,0.00011389045539544895,0.01807594858109951,0.01292666606605053,0.1363832950592041,0.047292742878198624,0.7302654981613159,-82.21231842041016,127.85477447509766,0.029485799372196198
NP_001138576.1,Q,192,0.6002916097640991,107.2120815038681,C,0.13399963080883026,0.01583044044673443,0.8501699566841125,C,0.034686386585235596,0.055050112307071686,0.0006392212817445397,0.009652446024119854,0.009821022860705853,0.25396212935447693,0.041138045489788055,0.5950506329536438,-83.9773178100586,3.37762188911438,0.017299382016062737
NP_001138576.1,T,193,0.370053768157959,51.32645764350891,C,0.24587519466876984,0.08140025287866592,0.6727245450019836,C,0.08208263665437698,0.1167231872677803,0.0022063427604734898,0.08238065242767334,0.040047693997621536,0.1828814148902893,0.056051962077617645,0.43762609362602234,-100.5870132446289,151.53781127929688,0.009913492016494274
NP_001138576.1,V,194,0.05446097254753113,8.370651480555534,H,0.8392700552940369,0.00729687325656414,0.15343309938907623,G,0.40014395117759705,0.392744779586792,0.004562091082334518,0.003926458768546581,0.005827281158417463,0.025010665878653526,0.08485184609889984,0.08293300867080688,-66.16040802001953,-31.800029754638672,0.009481762535870075
NP_001138576.1,T,195,0.31815630197525024,44.12827908396721,H,0.8609239459037781,0.005476317368447781,0.1335996687412262,G,0.5101053714752197,0.3212415277957916,0.002072797389701009,0.0017093910137191415,0.0029912341851741076,0.016421617940068245,0.11119087040424347,0.034267205744981766,-73.31243896484375,-26.474815368652344,0.0071649798192083836
NP_001138576.1,S,196,0.570480227470398,66.86028265953064,H,0.7565670609474182,0.004882256034761667,0.23855075240135193,G,0.4861021935939789,0.21442767977714539,0.0019073240691795945,0.001187640242278576,0.002541218651458621,0.04831073060631752,0.21208293735980988,0.03344022482633591,-87.98595428466797,-11.751798629760742,0.00365672679618001
NP_001138576.1,T,197,0.057816505432128906,8.01914930343628,C,0.0008631844539195299,0.004799919202923775,0.9943369030952454,S,0.00016286704340018332,0.00014739710604771972,1.2120455721742474e-05,0.0011253270786255598,0.0016986486734822392,0.7946869134902954,0.002629250753670931,0.19953742623329163,-92.8055648803711,133.10374450683594,0.0007693593506701291
NP_001138576.1,P,198,0.2572452425956726,36.503099924325944,C,0.0015050951624289155,0.058296382427215576,0.9401984810829163,C,0.0007291318033821881,0.0003227771376259625,1.4295481378212571e-05,0.003927207086235285,0.05769174173474312,0.3319647014141083,0.032988037914037704,0.5723621845245361,-74.20342254638672,120.39681243896484,0.0008035348728299141
NP_001138576.1,C,199,0.014995396137237549,2.1053536176681518,E,0.0003221309161745012,0.9019054174423218,0.09777247160673141,E,0.00027949659852311015,0.00012020563008263707,7.951663292260491e-07,0.003363814204931259,0.9221709370613098,0.023223847150802612,0.0033023750875145197,0.047538578510284424,-129.43048095703125,146.87416076660156,7.061260112095624e-05
NP_001138576.1,W,200,0.1343354880809784,32.307684883475304,E,0.00035439012572169304,0.9857656955718994,0.013879857026040554,E,0.00014182084123604,7.37188893253915e-05,1.3584333373728441e-06,0.0007560067460872233,0.9860973358154297,0.00266722752712667,0.00033450222690589726,0.0099280821159482,-121.12873077392578,137.82308959960938,0.00010300876601831988
NP_001138576.1,I,201,0.009156495332717896,1.6939516365528107,E,0.00010652386117726564,0.9989180564880371,0.0009754240745678544,E,3.2493320759385824e-05,3.119367465842515e-05,2.671479251148412e-07,6.880128785269335e-05,0.9990814924240112,0.0001197277451865375,3.494002157822251e-05,0.0006310379249043763,-121.50216674804688,129.5504913330078,2.4359313101740554e-05
NP_001138576.1,E,202,0.09672236442565918,16.897397065162657,E,7.357099821092561e-05,0.9994564652442932,0.00047003355575725436,E,1.4843920325802173e-05,2.1349313101381995e-05,3.9702686649434327e-07,1.455506389902439e-05,0.9995335340499878,3.291562825324945e-05,1.3295058124640491e-05,0.0003690705925691873,-113.91456604003906,129.1463165283203,1.3628693523060065e-05
NP_001138576.1,L,203,0.01211276650428772,2.2178475469350816,E,0.00026924756821244955,0.9971373081207275,0.0025934719014912844,E,4.912623262498528e-05,0.00011977136455243453,2.9471045763784787e-06,0.00021330224990379065,0.997272789478302,0.0002248968812637031,8.314537990372628e-05,0.002034004544839263,-113.27667236328125,127.090576171875,2.137283627234865e-05
NP_001138576.1,H,204,0.19570451974868774,35.598652142286305,E,0.00038880310603417456,0.9879457950592041,0.011665422469377518,E,8.677424921188504e-05,0.00016634514031466097,2.0485822460614145e-05,0.00048688502283766866,0.9896538853645325,0.0006042182794772089,0.0005740273045375943,0.008407377637922764,-108.8277359008789,122.17112731933594,2.675983887456823e-05
NP_001138576.1,L,205,0.05382373929023743,9.855126664042473,E,0.027405686676502228,0.624030351638794,0.34856393933296204,E,0.005732101388275623,0.016105251386761665,0.0008016239735297859,0.01368675660341978,0.6241012215614319,0.0351920910179615,0.01808602549135685,0.28629496693611145,-91.07109832763672,85.29440307617188,0.0001693224039627239
NP_001138576.1,N,206,0.2546791732311249,37.28503096103668,C,0.311347633600235,0.08004861325025558,0.6086037158966064,C,0.024225065484642982,0.2685086131095886,0.006392997689545155,0.0038836351595818996,0.07535156607627869,0.1381717473268509,0.09827238321304321,0.3851941227912903,-78.3404769897461,-27.9774112701416,0.00035098992520943284
NP_001138576.1,G,207,0.20408201217651367,16.061254358291627,H,0.9246277809143066,0.0021858925465494394,0.07318629324436188,H,0.015824707224965096,0.907533586025238,0.002133898204192519,0.000235036903177388,0.0015313263284042478,0.024545300751924515,0.02956187166273594,0.018634235486388206,-65.26152801513672,-51.746620178222656,0.0009858824778348207
NP_001138576.1,P,208,0.08769065141677856,12.443303436040878,H,0.9551456570625305,0.0030090780928730965,0.041845276951789856,H,0.029589014127850533,0.9305850267410278,0.0005367831909097731,0.00044788792729377747,0.00178912200499326,0.005211777053773403,0.012036257423460484,0.019804107025265694,-63.850181579589844,-34.560977935791016,0.0005026308353990316
NP_001138576.1,L,209,0.08500173687934875,15.563818022608757,H,0.9628833532333374,0.0029860667418688536,0.03413046896457672,H,0.02598654292523861,0.9352898597717285,0.000774306885432452,0.0005460491520352662,0.002064502565190196,0.0036849493626505136,0.01171156670898199,0.01994236558675766,-70.11270904541016,-32.41375732421875,0.0014673335244879127
NP_001138576.1,Q,210,0.527249276638031,94.16672080755234,H,0.9880602955818176,0.000993159250356257,0.01094660721719265,H,0.010441446676850319,0.9766687750816345,0.00043133922736160457,0.00015335144416894764,0.0005596074624918401,0.0009990257676690817,0.006958873942494392,0.003787481226027012,-63.3858642578125,-37.6259765625,0.001211467431858182
NP_001138576.1,W,211,0.22655096650123596,54.48550744354725,H,0.9872447848320007,0.0013449786929413676,0.011410224251449108,H,0.007893199101090431,0.9792762994766235,0.0006194858578965068,0.0001922375668073073,0.0008002897375263274,0.0010951805161312222,0.005812309682369232,0.0043111336417496204,-63.98792266845703,-42.84703826904297,0.0012572890846058726
NP_001138576.1,L,212,0.05598554015159607,10.25095240175724,H,0.9932652711868286,0.00026097422232851386,0.0064737070351839066,H,0.0024492463562637568,0.9912290573120117,0.0005886617000214756,2.4021026547416113e-05,0.00013909843983128667,0.0006007215706631541,0.002256263280287385,0.0027128697838634253,-64.94349670410156,-42.2287712097168,0.0007320232689380646
NP_001138576.1,D,213,0.3178153932094574,45.79719816148281,H,0.9967843294143677,9.399691771250218e-05,0.003121731337159872,H,0.0013876528246328235,0.9952520132064819,0.0009907475905492902,8.737047210161109e-06,4.298335989005864e-05,0.00021044822642579675,0.0008834386826492846,0.0012240068754181266,-61.977745056152344,-42.20835494995117,0.002041184576228261
NP_001138576.1,K,214,0.5396842360496521,111.01304735541343,H,0.99434494972229,0.00020856309856753796,0.005446448456496,H,0.001497680670581758,0.9918556213378906,0.001774130272679031,4.502107185544446e-05,9.800850239116699e-05,0.00027615728322416544,0.002935643307864666,0.001517762546427548,-64.89728546142578,-41.38789367675781,0.0012341353576630354
NP_001138576.1,V,215,0.1393355429172516,21.41587294638157,H,0.9938044548034668,0.00015209100092761219,0.00604342482984066,H,0.0012534377165138721,0.9916890263557434,0.00203997315838933,1.665968738961965e-05,7.684832962695509e-05,0.00035517520154826343,0.0025845190975815058,0.0019844411872327328,-63.643497467041016,-43.90884780883789,0.0016587204299867153
NP_001138576.1,L,216,0.12133145332336426,22.215789103507994,H,0.9766918420791626,0.00038851186400279403,0.0229196734726429,H,0.003560070414096117,0.9730859398841858,0.0016786123160272837,9.723269613459706e-05,0.00017568626208230853,0.0014620479196310043,0.012149494141340256,0.007790925446897745,-65.32303619384766,-37.166744232177734,0.004229413811117411
NP_001138576.1,T,217,0.6084944009780884,84.39817341566085,H,0.9102169871330261,0.0008073374046944082,0.08897572010755539,H,0.012124582193791866,0.9038738012313843,0.0018368090968579054,0.0002592672244645655,0.00041767003131099045,0.0044359732419252396,0.05572544038295746,0.021326467394828796,-68.73812103271484,-33.44523239135742,0.014698557555675507
NP_001138576.1,Q,218,0.6729121804237366,120.18211542367935,H,0.7219213247299194,0.0010294737294316292,0.2770492434501648,H,0.017884349450469017,0.7324633002281189,0.002682653721421957,0.0004713224188890308,0.00047450195415876806,0.012174457311630249,0.17868994176387787,0.055159468203783035,-75.13833618164062,-23.41748809814453,0.028001729398965836
NP_001138576.1,M,219,0.2877451777458191,57.5778100669384,C,0.3038501441478729,0.0031613444443792105,0.6929885149002075,T,0.023464471101760864,0.30391693115234375,0.003321872092783451,0.0019316750112921,0.001588420826010406,0.09456302225589752,0.33055025339126587,0.24066326022148132,-80.64808654785156,-0.4334699511528015,0.07232114672660828
NP_001138576.1,G,220,0.564403235912323,44.41853466629982,C,0.01665339432656765,0.005871618166565895,0.9774749875068665,C,0.007563191466033459,0.009386466816067696,0.0009132303530350327,0.0027024531736969948,0.004123426042497158,0.10155913233757019,0.27427902817726135,0.5994731187820435,91.48332977294922,104.24577331542969,0.14390365779399872
NP_001138576.1,S,221,0.36428380012512207,42.69406137466431,C,0.0022764739114791155,0.00666133314371109,0.9910621643066406,C,0.0017410572618246078,0.0005584834143519402,1.11998060674523e-05,0.005675734020769596,0.003577040508389473,0.10685055702924728,0.012662983499467373,0.8689229488372803,-92.0023422241211,134.15438842773438,0.10811016708612442
NP_001138576.1,P,222,0.49637866020202637,70.43613188266754,C,0.04116527736186981,0.006358976010233164,0.9524757266044617,C,0.0318903885781765,0.015138532035052776,7.841447950340807e-05,0.0025759064592421055,0.0055084493942558765,0.10484832525253296,0.22790829837322235,0.6120517253875732,-69.38739776611328,26.028139114379883,0.1400194615125656
NP_001138576.1,S,223,0.7284964323043823,85.37978186607361,C,0.07322494685649872,0.022025737911462784,0.90474933385849,C,0.04799403250217438,0.023113945499062538,0.0001760614977683872,0.006004375871270895,0.017982296645641327,0.17235979437828064,0.2323053628206253,0.5000641345977783,-85.30500793457031,16.479684829711914,0.20638345181941986
NP_001138576.1,I,224,0.419000506401062,77.51509368419647,C,0.054304953664541245,0.05793007090687752,0.8877650499343872,C,0.0335274301469326,0.01617024838924408,0.00014406988339032978,0.01804567687213421,0.042837612330913544,0.14915746450424194,0.02821151725947857,0.7119058966636658,-97.35071563720703,125.02301025390625,0.2892828583717346
NP_001138576.1,R,225,0.6584538817405701,150.78593891859055,C,0.033893343061208725,0.19914355874061584,0.7669630646705627,C,0.010239203460514545,0.016109589487314224,0.00019142689416185021,0.04832187667489052,0.13833464682102203,0.030977439135313034,0.020762277767062187,0.7350635528564453,-89.43968200683594,132.4183349609375,0.27845439314842224
NP_001138576.1,C,226,0.30662962794303894,43.05079976320267,C,0.04016537964344025,0.16843393445014954,0.791400671005249,C,0.02834724634885788,0.011131064966320992,6.01987267145887e-05,0.02646242082118988,0.1351892501115799,0.036606308072805405,0.03408632427453995,0.7281172275543213,-101.41415405273438,126.87054443359375,0.2620917558670044
NP_001138576.1,S,227,0.5408993363380432,63.393402218818665,C,0.0559823103249073,0.23074890673160553,0.7132688760757446,C,0.03347177430987358,0.01901264488697052,0.00016523705562576652,0.02331223152577877,0.20456217229366302,0.05760932341217995,0.05364551767706871,0.608221173286438,-101.47297668457031,131.78945922851562,0.31083470582962036
NP_001138576.1,S,228,0.5366097092628479,62.89065792560577,C,0.05135153606534004,0.24941663444042206,0.699231743812561,C,0.029335832223296165,0.023734936490654945,0.00020223633327987045,0.02623777650296688,0.21425653994083405,0.07882171124219894,0.0571511946618557,0.5702597498893738,-107.44898223876953,131.966552734375,0.29129791259765625
NP_001138576.1,V,229,0.47379639744758606,72.82250628769397,C,0.022820977494120598,0.16155824065208435,0.8156208395957947,C,0.011806155554950237,0.009430414997041225,6.094708442105912e-05,0.025611575692892075,0.12598833441734314,0.05200189724564552,0.038008615374565125,0.737092137336731,-104.48197937011719,121.08511352539062,0.350130558013916
NP_001138576.1,S,230,0.8636165261268616,101.21585686206818,C,0.00016984774265438318,0.0009589761029928923,0.9988711476325989,C,5.1097169489366934e-05,3.667053169920109e-05,5.044922701813448e-08,7.144081610022113e-05,0.0006429128115996718,0.000781022128649056,0.0006219930946826935,0.9977948665618896,-114.22413635253906,149.4960479736328,0.41569840908050537
